name,author,type,condition,introduction
武侠之我的系统好多坑,桃木斧,传统武侠,连载中,                        一人一刀，单枪匹马，纵横江湖。破迷局，诛元酋，侠之大者，为国为民。刀斗青龙会，武破逍遥侯，天地苍茫，唯我宝刀称雄！                    
江湖龙侠传,古城公子,传统武侠,连载中,                        上古有神龙，降世而为尊，黄帝得龙胜蚩尤，始皇得龙统天下，相传得神龙庇佑者就可得天下，随着时代的变迁，元朝末年，放牛娃朱重八，在山间意外寻获，而后夺取天下，之后为避免后人得到篡夺朱家王朝，便设计杀死神龙                    
女县令的捕快,将军仔,传统武侠,连载中,                        前世的商场沉浮，张君已经厌倦了，这一世，穿越而来被人所救，还是个美女，不错不错。不过一个女人当县令是不是有点不对啊？算了算了，人情债最难还，既然如此，那我就当你手下那个小小的捕头吧，替你遮风挡雨。什么                    
武林盟主叶乙传,非衣三石,传统武侠,连载中,                        朝廷禁武，是为了百姓安全，还是另有图谋？七星群岛，是武林的葬身地，还是新的江湖？店铺伙计叶小乙，从没想过自己就这样稀里糊涂的踏入了江湖。梦想还是要有的，万一实现了呢？                    
古朝奇侠传,半拍大大啊,传统武侠,连载中,                        一个背负血海深仇的少年，一块人人趋之若鹜的宝玉，一把人人想要获得的宝剑。十步杀一人，快意恩仇路。                    
江湖没有传说,零双丶,传统武侠,连载中,                        这是一个特殊的时代，刀光剑影，笑傲江湖。这个特殊的时代里，有着一个特殊的阶层，恩恩怨怨，情仇纠结。这个特殊的阶层里，有着一群特殊的人，豪气干云，儿女情长。这个时代，这个阶层，这群人，造就了一个世界——                    
长缨缚苍龙,尊敬的喵大人,传统武侠,连载中,                        五代十国，纵恶时代。何处是江湖，何处是庙堂？谁人是豪侠，谁人是君王？一个少年，背负李唐三百年国祚复兴的希望；一杠银枪，曾握在武神赵子龙手中血战八方；一句真言，谁能破解便可荣登大宝称帝为王。这是一个关于                    
醉卧江湖之多情,抚琴诉离殇,传统武侠,连载中,                        身世离奇从记事起就被一群女人抚养长大，却总有一个挥之不去的画面用在脑海中浮现，想要靠近却总是看不清她的脸，多年以后无意间得知了一些关于自己身世的传闻，而踏上了寻找记忆的路程！…                    
龙游江湖—武林神话,萤下野,传统武侠,连载中,                        纷扰世间情与仇，最不堪往事回首。望江湖恩怨，爱恨交织代代不停留。一丝丝，一团团，愈理愈乱愁。唯纵意山水情悠悠，何来悲秋。                    
极侠之道,徘徊的小木马,传统武侠,连载中,                        当世之义理，往往激发于内心而无法诉诸现实。一旦触及此大矛盾，便如水火相侵。侠义行于世，便即如此。一旦触及礼法，即成杀伐。                    
截拳霸天下,一叶西来,传统武侠,连载中,                        江湖风起，看少年如何力挽狂澜，捍卫河山……PS：求关注武侠幼苗！！！                    
扇舞江湖,Lelori,传统武侠,连载中,                        师傅，我想吃饭！先把嘴皮子练好。师傅，我想吃饭！先把扇子舞好。本文设定:可以说是华夏古代背景，但可不是战国时代，会稍微加一些郑州这类的地名，也可能会出现一些古代名人的后代。…………………………试着写一                    
日暮江湖,一步天城,传统武侠,连载中,                        身怀绝艺的剑者，自命不凡的刀客，落拓随缘的浪子，心怀天下的侠客……大夏十三州之上，千年王朝落幕，江湖风云再起。一场刀剑决，开启乱世新章。                    
铁衣卫,铁昊,传统武侠,连载中,                        大秦盛世。武学昌盛，人人如龙。在这天下历经数次以武犯禁的骚乱之后，大秦朝为国运昌盛，永保安宁，特携手当世诸子百家中的最强九家设立了大秦朝最大权利捕卫机构——天捕门，特设四大等级捕卫，铁衣卫、铜衣卫、银                    
封武之巅,木子萍,传统武侠,连载中,                        为了变强，学习各种功法，意外得到了远古之灵的传承，至此走向巅峰                    
走歪江湖,东怕怕,传统武侠,连载中,                        穿越到平行武侠世界的苏雨竟然成了忘云山庄的少庄主，江湖恩怨，刀光剑影，什么是江湖，我也不知道，这就是一群人，活在江湖的故事                    
桃花令主,小小的世概,传统武侠,连载中,                        故事主角是一身负家仇并父母失散多年的少年，在机缘巧合下当上了江湖鼎鼎大名的桃花令的令主，从而开始踏上寻找生父母并报家仇之路，不过一开始便是命犯桃花，先是迷迷糊糊白捡了一媳妇，后来又跟老婆的闺蜜不清不楚                    
红尘侠客传,善无名,传统武侠,连载中,                        大顺王朝中平二年四月，金军功破东京，掳走和，少二帝，并大肆搜刮金银财宝，以致天下大乱，民不聊生。而后，高帝刘昀于承天府称帝，改元建炎，延续大顺王朝国祚。昆山县延祥寺僧人慈照禅师眼见民生疾苦，欲以佛法普                    
江湖乱乱乱,一萧一剑,传统武侠,连载中,                        江湖风云起，谁主沉浮，年轻一代的枭雄改变着武林的框架和命运，仇人是谁？恩人是谁？是是非非，纷纷扰扰，恩恩爱爱，情情怨怨，谁可断，谁能续，无限惆怅，到头来，一切恩怨理还乱，江湖依然。                    
五行龙印,戈叔叔,传统武侠,连载中,                        刘氏夫妇金盆洗手，却因身怀至宝被江湖高手追杀，襁褓中的少年，父母双亡之际迎接新的人生，得道高僧收留，能否手刃仇人？江湖之大，何为正道？且看少年家破人亡，集百家功力于一身，踏足江湖书写传奇一生.                    
情剑风云诀之神琴魔剑,南北隐士,传统武侠,连载中,                        一代奇侠情剑侠侣归隐之后，江湖平静近十余年年，可是江湖必定是江湖。一场因为一块古玉引起江湖纷争，由此铺展开来，而少年成名的蓝千浩也卷入武林斗争之中。情剑侠侣后代江湖行，江湖又是风起云涌……                    
宫家最后的一位少爷,要做鲲的鲤,传统武侠,连载中,                        宫家本是江湖上顶顶有名的武林世家，可是十多年前的一声变故，使得宫家家道中落，宫家唯一留存于世的血脉宫铭，本是天赋异禀的武术奇才，宫家变故之后终日贪恋酒色，后来无意卷入一场江湖纷争，发现宫家的变故原来隐                    
轩辕群侠记,兰色大海,传统武侠,连载中,                        冥冥中，穿越了千年时光，热血男儿应运而生。看我逆天改命，杀上武道巅峰，笑看九州风云，称雄天下！                    
神剑相思,神剑三少,传统武侠,连载中,                        五个故事，五个波谲诡异，又妙趣横生的江湖故事。刀光剑影，江湖斗争之中，见证了一个个剑客的绝代风流。“师父，何谓江湖？”“孩子，不同的人，眼中的江湖是不一样的，若想知晓何谓江湖，只有你真正入了江湖，方知                    
丹心射天狼,乔胜昔.CS,传统武侠,连载中,                        谁说“崖山之后无中华”？且看一群中华儿女如何守卫中华之魂。丑未必真丑，俊未必真俊。善未必真善，恶未必真恶。是未必真是，非未必真非。一个好看的元朝武侠故事写给你。                    
一缕烟波,温起白,传统武侠,连载中,                        南景兴，十六载，少年行于江湖，身后却是一片云谲波诡！                    
秦关行,九岁理想,传统武侠,连载中,                        秦灭六国，平疆土，一统天下，称皇！六国虽亡，侠者尚存，暗流之下，腥风血雨起。                    
江湖人物之韩福传,平江散人,传统武侠,连载中,                        什么是江湖？江湖就是一个讲道义，却常常又没有道义的地方。江湖在哪儿？有人的地方就有江湖，江湖无处不在。韩福，一个习武的男人，在命运的推动下一步步从衣食无忧的富家子成为叱诧风云的江湖大佬。在他的生命中，                    
云中尘缘,曼十四,传统武侠,连载中,                        有个青袍客，手执一只玄铁唢呐，一个不高兴，便是一曲《送君行》。一柄残刀，封刀归海一式，将星宿海分为两片，练得一身寒骨，只在那冰海雪原上睡觉。有个银发老头，挎着竹篮，一只袖里剑鱼钩，整日破冰抓鱼，骑着天                    
救救武林,肥脸猫,传统武侠,连载中,                        当你穿越回古代，过了八年平淡无奇的生活，突然有一天，你发现身边竟然有人是武林高手，你该怎么办？想啥呢！拜师啊！（新人新书，请小心呵护...）                    
魔刀轮回,顽强发际线,传统武侠,连载中,                        十六年前，血修罗断魂，手持轮回刀，血洗武林正邪两道。十六年后，一个遗忘了过去的神秘少年，背负轮回刀再现武林，又会卷起怎样的无边风波？                    
沧海孤云传,馃子陈,传统武侠,连载中,                        黑衣绣红云，人鬼皆断魂。十几年前，江湖中的神秘门派“天门”被人血洗，一夜之间被从江湖上抹去。侥幸活下来的天门少主走上复仇的道路，一点点揭开灭门惨案背后的真相……                    
霜暖长安,妯娌控,传统武侠,连载中,                        初出茅庐，一战技惊四座，恩怨分明，只因时日无多。是过关斩将，寻找活下去的一丝希望？还是远离江湖，安稳度过有限的余生？小女主，反套路，绝不傻白甜。不穿越，无后宫，烧脑加原创。                    
剑映神川,月下骕骦,传统武侠,连载中,                        南唐将领皇甫继勋之子皇甫承贞国破之后流落四川青城县，后化名李顺起义，兵败后与子（灵玉）失散，后出家为道。本书主要讲述灵玉闯荡江湖、寻根溯源、冲破层层感情纠葛，并最终成长为一代大侠的曲折故事。                    
飞花饮血录,一介儒,传统武侠,连载中,                        刀剑中的江湖，有阴险狡诈，有侠义豪情，什么模样都是江湖。                    
问佛剑,小Four,传统武侠,连载中,                        这是许多江湖故事中一则，悲、喜、恩、怨，只是人们茶语饭后的闲谈。客官，老酒香醇，您不来品品？                    
长剑江湖行,小天大大,传统武侠,连载中,                        从软弱到坚强都是一个成长的过程坚持着走下去却是一个痛苦的经历我们的主角就这样一步一步的开始了江湖路                    
碎梦神剑传,纸凤,传统武侠,连载中,                        传说，口口相传之说，纵精美绝伦却过多不实；故事，过往之事也，虽消逝不在犹历历在目；天南地北，恩怨情仇。一踏步成一世路，再回首已百年身。梦碎过后，只留神剑傲立。                    
刀戈弄影,贾沉艾,传统武侠,连载中,                        我不曾伤人，为什么你们要来伤我？我不想流泪，偏偏又泪流不止。难道要如贤者所言，去爱戴害你之人，做到我不入地狱，谁入地狱？不，我只是一个凡人，一个拿起刀就放不下的人。                    
天风飞雪,凌云小白,传统武侠,连载中,                        一本传统武侠，从初中为了初恋就开始断断续续的写，没胆子发网上。现在人也快三十了，初恋早就结婚了。无所谓了                    
美人如玉剑如虹之匡复,行歌无邪,传统武侠,连载中,                        我本欲成仙，绝迹于江湖，寄情与山水，却不料林欲静而风不止……时代注定要让那“江湖召集令”重现江湖。这注定是一条无法后退的路，一旦启程，不是抵达终点，便是死在途中，不可退出。                    
四大金镖之御骧铤,冯墨瓦,传统武侠,连载中,                        二百年前，国逢乱世，匪盗四起。商帮兴盛，财货流通，绿林贼寇、江洋大盗猖獗。镖局应运而生，纵横四海。江湖四大镖局——东方、西门、南宫、北野四分天下。江湖盛传前朝惊天宝藏“御骧铤”，一本《河图洛书》不仅蕴                    
傲世紫冥,白云回望,传统武侠,连载中,                        明朝初年，定远将军韩清林北征蒙古，大漠之中为魔教中人所害。其子韩潇在洛阳亦受魔教的追杀，生死之际，韩潇为武功绝顶的狂生袁廷玉所救，机缘巧合之下，拜入了名动江湖的“北端木，南皇甫”之端木世家，从此勤修苦                    
剑九江湖,陆指,传统武侠,连载中,                        人在江湖，又隐于江湖，江湖在世俗，又隐于世俗世俗常言：“四家、三派、两势共有九柄绝世好剑。”削铁如泥的太叔剑、流光四溢的隐月剑、一门一剑的独孤剑、从未问世的苏剑...一柄剑就是一个传说十年之期，山海论                    
蒸汽江湖,a米啊米啊a,传统武侠,连载中,                        火药，剑客，蒸汽机。帝国经过大战屹立世界，盛世的表面下危机四伏，各方势力蠢蠢欲动，少年拨开一团迷雾，走入江湖，坦荡无惧！                    
逸剑惊澜,望霓裳,传统武侠,连载中,                        金皇统九年，完颜亮弑君称帝，改元天德，秣马厉兵，欲统天下。南宋王朝危如累卵，乞和不得，迁都临安，高宗更欲趋海避难。天下动荡，江湖风起云涌；深山少年，书写侠骨柔情；一人一剑，北拒金寇，南服大理，西枭夏首                    
万历乾坤录,文野豪犬,传统武侠,连载中,                        万历年间，以援朝战争为起源酝酿出的一场江湖风波······                    
宋辽英雄野史,倒手一次,传统武侠,连载中,                        从前有一个女孩，跟着父母远游祭奠先祖，遇见一个男孩，遭遇血雨腥风。终于三五好友，结伴勇闯江湖，又遇昔日故人，竟是江湖魔头。英雄血，女儿泪，终淡去，难道异日醉酒舞剑，旧情只能梦中寻……                    
铁血诛杀令,冷眼侃天下,传统武侠,连载中,                        明嘉靖年间，青年侠士胡清阳，受高人指点，成立暗杀组织“铁血兴明党”，以“铁血锄奸、兴我大明”为己任，专门诛杀贪官污吏、土豪恶霸和卖国求荣者，与奸臣严嵩及其党羽展开了殊死搏斗……                    
江湖一统之神秘门,丹成春雪,传统武侠,连载中,                        神秘门出没江湖，势力渗入少林武当丐帮等名门大派，江湖中顿时腥风血雨，诡谲百出。谁是神秘门主？三大绝世高手的恩怨纠葛，情仇缠结……                    
神剑慕容,北岳楼主,传统武侠,连载中,                        他，曾经名震武林，是年轻一辈的翘楚。十五岁踏入江湖，十七岁以绝妙剑术闻名于世，和他父亲慕容御风齐名，江湖上有句话：御剑山庄，剑圣父子，慕容二人，震铄古今。他就是剑圣慕容御风的儿子，‘小剑圣’慕容泰然。                    
血布娃娃,霖允,传统武侠,连载中,                        金庸先生永垂不朽，以此武侠纪念金庸古龙先生！                    
断刀流剑传,苏日格勒,传统武侠,连载中,                        霍去病出身卑微，十七岁随军出征，身率八百骑兵歼敌两千人有余，被汉武帝赐予“冠军侯”而后第二次出征，被封为骠骑将军，他身先士卒，骁勇善战，直击匈奴于漠北，封狼居胥，世人难当。但不想少年英雄，天妒劫难，二                    
月明如潮,颂刀歌,传统武侠,连载中,                        靖难之役，江湖纷争；朝声鹤唳，墨家出征。三雄驰骋，英姿凛冽；欲知详情，敬请观阅。                    
清秋琵琶曲,败笔苏半城,传统武侠,连载中,                        懒得写简介，反正你们都去看重生系统打脸文了，而我要讲的故事，讲故事的方式，恰好不是讨喜谄媚的摇尾乞怜，所以，随意。                    
武祖世纪,天性子,传统武侠,连载中,                        吾在地球无意间进入了【天醒之路】，获得了【天神诀】修炼到了巅峰【天珠变】之境界，吾以为自己【无敌天下】了，以【武动乾坤】之力，挑战【狂神】【神尊】与【修罗武神】【绝天武帝】，想开创【诛仙】之壮举，但之                    
东晋江湖梦,落雨微冷,传统武侠,连载中,                        曹操墓内无数珍宝，引得江湖各大门派民间人士追求。三十六件神兵，是否是开启曹操墓的关键？十五年前，十五年后，风风雨雨三十年。东晋北魏为何都是最后的失败者？一切答案都在不一样的江湖---《东晋江湖梦》内。                    
鸿渐于磐,徐鸣辰,传统武侠,连载中,                        所谓“鸿渐于磐”源自《周易·渐卦》，原文写道：“鸿渐于磐，饮食衎衎，吉。”这句话大意是指鸿雁在高空翱翔，迁徙途中看似缓慢，可那群鸿雁循序渐进，便会寻得适合栖息的磐石，享有丰美食物。世人集众缘所生，我辈                    
无侠纪,西门甲,传统武侠,连载中,                        绿鬓朱颜年十八，欲将不平剑下伐。江湖几载凄凉事，人心却把侠骨杀。双目难辨黑白相，善恶同源自一家。庸庸碌碌斑白发，方知世间本无侠！一个少年意外踏上中原之路，命运再无法回头……响木落下，大幕拉开，温一杯酒                    
燈火,烟雨下西楼,传统武侠,连载中,                        远处有座清凉山，山里面有两个男人一文一武，武者令江湖黯然失色，文者成为文坛脊梁。两个惊才绝艳的男人把所有东西教给了一个小乞丐。小乞身负血海深仇，在最绝望无助的时候遇到了一生的挚爱，遇到了誓死追随的榜眼                    
故国明月,江南虹,传统武侠,连载中,                        明朝末年，女真人崛起于东北黑水白山，高迎祥李自成起兵陕西，加之中原连年大旱，百姓苦不堪言，天下形势极其严峻。江南明月山庄四大弟子水火风云，二十年间相继下山。战边关，斗金清，平内乱。土行教，白高楼妖孽九                    
琅嬛阁,羽庸龙II,传统武侠,连载中,                        〖燃爆武侠，热血江湖〗盛世大唐，神秘琅嬛阁，江湖腥风血雨纷争之地，朝廷角逐争雄利益之门！少年剑客，手持神剑龙吟，卷入风雨飘摇、刀光剑影争斗之中，江湖之远，朝堂之高！家国天下，爱恨情仇，侠骨丹心，弑剑争                    
三国玄侠传,慕宇阁,传统武侠,连载中,                        三部绝学引发的天下大乱，三国中各路英雄竞相登场：张角为何起事反汉？郭嘉大才，为何英年早逝？司马懿多智，为何早年隐忍不出？水镜先生为何不辅佐刘备？赤壁之战曹操为何大败？庞统为何先投吴而后投蜀？诸葛亮为何                    
十绝山,沙漠老胡杨,传统武侠,连载中,                        武侠的长河中也有璀璨的浪花，它不在史书中，它在每个人的心底。翁锐，一个放牛娃，没落将门的后代，本来他可以安安稳稳度过一生，就因为在十岁的时候和另一个小孩打了一架，从此坠入江湖。一入江湖深似海，勾心斗角                    
自悦一笑刀,张夕林,传统武侠,连载中,                        江右第一大帮立义堂，提早半年发出会英帖，这一怪象引来江湖各路豪杰。张自悦路过隆兴，偶遇少年姜漆雨，同时隆兴府命案连连……                    
入世侠客行,善士,传统武侠,连载中,                        商朝末年，诸侯并起，兵戈杀伐，天下战乱不断。一个世界，一座古墓，一个已死之人，地狱归来，且看他如何搅动风云，威慑天下！                    
武林教科书,圣父老余,传统武侠,连载中,                        穿越到古代江湖，开启一段武林传奇。自创北冥神功，六脉神剑，抗击倭寇，一统江湖，过一把皇帝瘾后，世间再无遗憾，然后破碎虚空！                    
仇断心铭,疯鱼粥,传统武侠,连载中,                        少年孟断自幼父母双亡，因为一本武功秘籍遭人追杀，在师门下随着师姐雨柔学艺，二人长时间相处渐生情愫，后被师兄嫉妒所害而逐出师门。孟断的武功秘籍却重新掀起一番波澜，最终明白了自己父亲便是故人所杀。去寻仇，                    
梦回鹿鼎吟留别,生煎包子,传统武侠,连载中,                        一个废品宅男陈柯，穿越到了鹿鼎记的世界。但是他穿越成了……阿珂？【韦小宝】俏老婆，加入我的逅宫团吧！【郑克爽】泥奏凯！阿珂是我的，都是我的！【陈近南】复明成功后，应拥立唐王为帝！【沐剑声】泥奏凯，我们                    
洺水山庄,消消消消,传统武侠,连载中,                        故事从一个婚姻开始，有三个不请自来的人走进了洺水山庄，然后武林就进入到一个血流成河的时代·······                    
大唐盛世之惊天奇案,冷悬空,传统武侠,连载中,                        警察学校四年级学生雷渊，因为某种原因穿越到唐代，并在离长安不远的永乐县当捕快，凭着在警校四年的经验，破解了许多疑案，无头尸案，采花大盗案，青楼连续杀人事件，等等一系列惊奇案件                    
南海归龙,闻嘉流浪,传统武侠,连载中,                        百年前的异教邪功今又重现江湖，所到之处掀起阵阵腥风血雨；年轻英俊的少年剑客横空出世，却有屡屡遭遇磨难；而在遥远神秘的东海尽头，是否果真藏有传说中的惊世武学……                    
乱世逍遥记,常居九,传统武侠,连载中,                        明正统年间，朝中宦官专权，江湖上也因天毒教宝贝失窃，而卷入无穷的利害之中。更有江湖儿女情长，爱恨痴缠。诗曰“风月无情人暗换，旧游如梦空肠断”，情之一字，终难参透。江湖纷争，人心难测，初涉江湖，风波彼起                    
北雁南潮录,素素因,传统武侠,连载中,                        被骂千古淫帝，真相成谜。传说他平生有三志，自己却一无所知。江湖广阔，有一人携手便不寂寞。誉谤天下，有容乃大！家国情仇，无欲则刚！                    
回乡无路之短歌行,泉城双子兔,传统武侠,连载中,                        在大多数人的眼中，杀手总是凶残狡诈，冷血无情的，可是我却知道这种想法是多麽的可笑——杀手也是人，也有着人类的七情六欲，只不过因为职业的特殊性，他们只能把感情深埋在心底，不可轻易的表露出来，所以人们看待                    
狐影迷踪,凡若心尘,传统武侠,连载中,                        玉面狐狸，一个一夜成名于江湖的侠士，却也在一夜间落寞于江湖。成了人人唾弃，武林所不耻，朝廷四海缉拿重犯……大明永乐年间，三桩血案，牵出了三件陈年旧案，也由此而揭开一段尘封的往事，将许多与案子有关或无关                    
狭刀狂剑,雪山青松,传统武侠,连载中,                        当世间没了公理正义，他一把刀，将杀遍天下！当道理讲不通时，唯有染血的头颅，才能让世人警醒！（武侠世界的现代兵王，一刀既出，谁与争锋！）                    
江湖之长歌行,张94,传统武侠,连载中,"                        杀一人为罪,杀万人为雄,杀百万为雄中雄.                    "
虹猫蓝兔段子,幸福苑,传统武侠,连载中,                        各种虹猫蓝兔小段子，有甜有虐，更文时间不定！                    
栾火之乱,带你流浪,传统武侠,连载中,                        我用着一生的热血去习武，用学到的武术来闯荡江湖，用江湖的情义来保家卫国！——————————一生豪情男儿志，保家卫国赤子心。三尺龙泉手中握，斩断天下入侵贼。孝、义心中存，苦、痛身体抗，故事虽平淡，英雄                    
大侠成名之路,三凌峰,传统武侠,连载中,                        一个江湖小人物从小便成了孤儿，各种江湖的历练使他渐渐成了江湖中有名的大侠。成名之后又遇到了各种奇怪的事情，他是否能一一解决…。                    
唐时雨,叁玖贰柒,传统武侠,连载中,                        我也不知道自己写的是历史还是武侠，说是历史里面有着武侠，说着武侠里面没有等级！只是根据历史的走向，穿插着一个在历史洪流里面的一个小人物，经历的人，事！主角不是无敌的，主角也不争夺天下！新人新书，我争取                    
甲乙正传,甲时乙,传统武侠,连载中,                        剑起九州，侠破万里！茫茫雪道，一人一剑！                    
武全录,江水快快,传统武侠,连载中,                        侠就是夹，左边是仁，右边是义，头顶灰天，脚踩泥地。只因存爱，所以存恨，只因心慈，所以心悲，只因成王败寇，所以济弱扶倾，只因天下无道，所以以武犯禁。当命运之神降临的时刻，每个人物都会面向审判的殿堂，把自                    
永乐清平,卿卿河边草,传统武侠,连载中,                        剑试天下，何惧输赢成败！沧海横流，尽显豪杰本色！人在江湖，真的身不由己？英雄枭雄，共创热血传奇！                    
这是武林,小龙子,传统武侠,连载中,                        有个妖孽青年，身困大阵几十载，今朝下山乱风云有个抠脚老头，画地为牢半百年，一刀曾抵百万师有个江左白衣，一篇《春江花月夜》，曾令整个武林失色这个武林，有人想要证无敌，有人想要得长生我有一剑，劈开夜云见星                    
江湖与群山,十尾酱,传统武侠,连载中,                        多少代江湖风雨，与一代青年人。写江湖，写人，写武侠。                    
燕无涯,落月鉴,传统武侠,连载中,                        讲述燕无涯的传奇故事，记录燕无涯精彩的一生。（看不到燕无涯的成长是因为作者将其拆散于案件之中，会慢慢勾勒完整的）群号：432796128（虽然没几个人看，但是真正喜欢本书可以加进来互相讨论）                    
重生之北宋人生,多吉次仁,传统武侠,连载中,                        一代天骄王博带你走进北宋的江湖朝堂，看新一代大侠如何成长发奋图强，让你品尝武林兴衰盛宴。                    
缘起元末,小猛子,传统武侠,连载中,                        北方的朝廷忙着内斗，南方的军阀忙着抢地盘……天下已经乱了，当那些武林人士发现头上没了朝廷管制以后，会怎么样？于是江湖也乱了……帮派斗争，刀光剑影；江湖儿女，快意恩仇；武林豪杰，侠骨柔情…………一幅波澜                    
剑琴劫,浪子洪流,传统武侠,连载中,                        自古都说患难见真情，但患难过后便是荣华富贵，又有多少能共享。剑与琴的离奇相遇，他们共同经历了多少苦难逃亡，经历了多少是非恩怨，互相信任却成了他们彼此的生存之道。但苦难过后，对面荣华富贵，他们却刀剑相交                    
皇子落难江湖,狠非,传统武侠,连载中,                        落难只是另一个开始。只愿江湖后，我还能归于平淡。                    
诡域孤影,狼鬼手,传统武侠,连载中,                        剑所指，心之道，浪子天涯，断愁肠，江湖疏影，前路漫长，心在何方！                    
缘散花败总归尘,以晓之铭,传统武侠,连载中,                        乱世之中，情之一字，是宿命，还是孽缘？情起，则干戈起，缘去，则纷争散。江湖儿女有着怎样的恩怨情仇，又演绎着怎样的爱恨别离？一切尽在此书。                    
寒夜微凉心凝霜,心心公举,传统武侠,连载中,                        杀手的人生注定是幕悲剧，没有过去，没有未来。江湖的舞台，灯光留给大侠，掌声送给英雄，哪怕唾弃的口水，人们也只愿喷在十恶不赦的坏人脸上。没人知道他是谁，因为知道的人都死了。当有一日，全天下都知道他是谁时                    
守阳山,笔下有鱼L,传统武侠,连载中,                        和金庸先生的小说比起来太差了，我无法诠释自己的人物性格，也无法很好的拿捏自己的作品，争取写1000章，最低写500章，不忘初心，写好作品，我对不起你宋杰，我会认真写你的。                    
这个系统叫武侠,逆笔生花,传统武侠,连载中,                        做了一个十几年的梦，得到一个系统。等等系统要嫉妒值，我还能怎么办，装呗，炫呗……撕葱“我交朋友不管他有没有钱，反正都没我有钱……”“夏冰呢？”“他已经是我朋友了……”……                    
武尊之龙吟,跳舞的烟蒂,传统武侠,连载中,                        孤儿狄龙，自幼在猴窝里被猿猴养大，与孙猴子一般境遇，某次偶遇女唐僧，学会了说人话以及绝顶武功，魅力值一路狂飙，走向开了挂的人生巅峰！                    
无心诀之翩若惊鸿,落藤紫,传统武侠,连载中,                        很多时候我们身不由已，很多时候我们一场情绪波动，就是江湖的一场血雨腥风。我们都在江湖这个圈圈里，这个圈圈里的人很是奇怪，都喜欢给自己戴上各种各样的标签，以区别各自的小圈圈。在自以为找到了一群“志同道合                    
乱武大明,侠骨留香,传统武侠,连载中,                        明洪熙元年初，始建于永乐九年的武当山道教建筑群终于全部竣工。三月初三，真武寿诞。本是道教盛事，却不曾料到籍籍无名的朝阳神教在前一夜突袭武当，致使武当两大重宝遗失。长达十多年的正邪对峙场面形成，江湖上风                    
今倾城,侠白首,传统武侠,连载中,                        战国时期，七雄争霸，民不聊生，天下大乱。对于一个不愿杀人的逃避者来说，何处是桃源？                    
魔起东方,涡2涡,传统武侠,连载中,                        少年皇甫轩来自东方，带着风，带着雨，带着雷电而来，剑指天下，诛魔邪，清正道，开始了他波澜壮阔的人生……                    
绝代剑侠,渔火伴愁,传统武侠,连载中,                        急于成名的少年剑客秦红云，得罪了不少江湖好汉，成婚当日，妻子惨死婚房，他立誓报仇，历经千辛万苦，终于把剑放到了仇人脖子上，这时，他父亲突然出现，竟说……                    
风起九鼎台,是谁的小贝壳,传统武侠,连载中,                        风起九鼎台，山客诉悲哀，风吟雨啸江湖上，少年披衣而归来。                    
大唐偕隐,水聂,传统武侠,连载中,                        号外——宦官纳妾，皇室内斗！什么——长安失陷，外敌入寇！誓与诸君共进退，振起武侠之衰，扭转江湖之颓。一时间，码字声、翻书声杂沓一片，一个声音高喊：你妈喊你回工地搬砖攒钱娶媳妇！                    
花雨天下,尚文杨,传统武侠,连载中,                        五泉山的一颗山玉，经风花雪月，雨露滋养，终修成真心，想到人间一览繁华，投胎为一美丽女子，却遇到酸甜苦辣世事磨砺，雨露化作泪，光华化作情，生出万般情愫。贺兰山的块磐石，经日月分化，雕琢成形，化为人状，但                    
呆客,景君大帝,传统武侠,连载中,                        呆客者，性呆也。初入江湖无人知，偶遇阳明初识武：能与厚聰称兄弟，却难与之相辅成，本人从小爱好武侠，处子作，还望大家多多海涵                    
授天棋,风不解,传统武侠,连载中,                        天授神仙棋，奇寿与天跻。玄素蕴真理，武林入战期。这是一本棋谱引发的江湖动荡，也是一个人心引发的风云变化。                    
弹铗录,秋叶寒.CS,传统武侠,连载中,                        剃发易服令，禁武令，江湖上纷纷扰扰，凡尘俗世也很危险！但是执掌武林的绝世高手们无论如何也想不到，假如一个被遗弃的孤儿得到了超越凡俗的力量，那些视苍生如蝼蚁的大人物有难了！正是：西风索寞叶初乾，长铗归来                    
蓝兔风雨出洞庭,苏轼的园林,传统武侠,连载中,                        我要写的这个虹蓝假想文的名字，是官方推出的武侠五部曲中最为神秘，介绍也最少的《虹猫蓝兔风雨出洞庭》。这一部如同《虹猫蓝兔勇者归来》第53集至104集一样，是官方留给我们童年的遗憾。我今天来写一下文，并                    
分合箓,大林君,传统武侠,连载中,                        金庸先生于我而言，不能算是偶像，却影响深远。儿时，武侠一个美好的梦，成年之后，武侠变成一个不可触碰的痛。金庸先生的去世，于我而言并不仅仅是一个伟大武侠作家的去世，甚至带走了整个武侠世界。选择今日开始连                    
混世路,明肃,传统武侠,连载中,                        一把斩马刀，斩不完凡尘俗世万千红尘心。路漫漫，明心立身持节！                    
五公子的刀,三十九年蝉,传统武侠,连载中,                        据说，酒与女人，或许还加上一把刀，便能让人彻底忘却，各种愚痴、各种痛苦……                    
后来的木婉清,我不道,传统武侠,连载中,                        木婉清后来的事儿，作者的浅薄意淫，纯属自我欣赏，因为太喜欢木婉清这个人物了                    
爱情命令,马沣,传统武侠,连载中,                        江湖，暗流涌动，平静中汇聚着巨大的阴谋。飞云十九堡，六花堂和中原孟尝府三股势力，正在酝酿着血雨腥风的决战。没有奇迹，没有偶然，没有英雄，一切都不可逆转地向着残酷的、非人的结局发展。谁能改变？一个少年，                    
剑意傲然,金元良,传统武侠,连载中,                        如果再给你一个机会，你还会离开我吗？我不知道答案，或许你更不知道。谁知道？答案，在哪里……                    
江湖生死谶,北岸狂鹰,传统武侠,连载中,                        这是个纯粹的江湖，波谲云诡，尔虞我诈，在这个充斥着仇杀的世界里，有情，有义，也有侠。                    
杀猪探花郎,涂陌宇枫,传统武侠,连载中,                        故事讲述北宋年间，吴国后裔杨轻隐姓埋名从事底层杀猪贩菜的行当，他只求平安稳妥渡此一生。不料自从参观了一庄慕容家大家小姐比武招亲一事后，人生就此发生翻天覆地的变化，其间又扯出南唐后人周云逸与司马家意欲复                    
封魔刀客,一柿,传统武侠,连载中,                        一个爱刀如狂的少年，他活着就是为了挑战，挑战江湖上成名的用刀高手。无数刀客成就了他，直到最后，他也成就了一名刀客。                    
心罗天下,十年北阳,传统武侠,连载中,                        谈上复仇，人性，另一个世界，重合现实世界。                    
九天绝一,封笔牧马,传统武侠,连载中,                        武之绝，道之巅，手握乾坤九天灭！玄古道之门打开的时候，注定苍生浩劫来临。谁又能够挡住这滔天洪水，谁又止得住这无休的杀戮。                    
缙云飞萧传,襄化语,传统武侠,连载中,                        男主独孤若阳，父亲是正派缙云派弟子，母亲则是魔教贵族的女儿，因此身份十分尴尬。两岁丧母，四岁丧父，被父亲的师弟杨少杰收养，并为其隐藏其尴尬的身份，成为杨少杰的徒弟，留在缙云山学武。长大后的独孤若阳随师                    
江湖青衫行,何俗,传统武侠,连载中,                        江湖纵横，剑影刀光；悲欢离合，泪湿青衫……北宋末年，风云动荡，政局难测，宋金联军灭了辽国，金国却又反戈一击，侵攻大宋。大宋军民奋起抵抗，奈何朝政腐败，终不敌北国虎狼之兵，节节败退。大宋武林人士正欲携手                    
风吟剑侠传,桃溪小小生,传统武侠,连载中,                        谨以此书献给金庸先生。一段几乎颠覆大明王朝的阴谋，将中原武林、南疆蛊术、西域邪教、东瀛忍者全都卷进其中……                    
天涯浪子客,洋火柴,传统武侠,连载中,                        “少了你江湖太寂寞，踏雪而归，却遥遥无期。”                    
剑不归墟,啼谈,传统武侠,连载中,                        韩念是个剑客，他从天阴山而来，带着世间的仇恨，最后化解仇恨。小伙伴是剑藏锋，一个名气很大的人物，他从剑观而来，是个隐世修行的剑客。【缅怀金庸】                    
笑傲天下后传,兰色大海,传统武侠,连载中,                        武侠巨坑，慎入。再次打开那波澜壮阔的画卷，懂的自然懂，毋需说太多。                    
七天侠,杰格1992,传统武侠,连载中,                        三十年前，西方神秘教派白衣神教破势崛起。逐鹿中原诸派，意欲一统武林。白衣神教高手云集，残忍好杀，手段辛辣，一时间中原诸多帮派惨遭灭门，也有些许门派归附白衣神教。中原帮派组成联盟与白衣神教对峙于华山之巅                    
大明游侠传奇,仙石雨,传统武侠,连载中,                        明朝成化十三年，西厂设立。厂公吕化行事乖张暴戾，名为伺察民情清君耳目，实则借机构陷忠良铲除异己。大学士商辂等人上疏弹劾，却遭皇上弃用。商辂门下柳一凡等一批武林义士，为匡扶社稷重张正义，誓欲除此奸佞。                    
玄天飞引,姜承宇,传统武侠,连载中,                        杨子辰是一名小乞丐，陡逢奇遇，从此涉入波澜壮阔的武林之中。                    
末流之威,宝来梅,传统武侠,连载中,                        我怡红院之子，吾少也贱，吃苦就像吃补，蹲得低，所以我飞得高，武林盟主，我来了……。                    
剑客之七星龙泉剑,御风晓月,传统武侠,连载中,                        小说讲述了一名少年（主人公龙风）如何初出茅庐，意外的陷于了父辈恩怨以及江湖漩涡之中，进而一步步承担起武林重担，最后成长为一位真正剑客的故事。书中不但爱恨情仇皆在其中，并且穿插着国恨（安史之乱）、诗魔（                    
有孚盈缶,洪苗青,传统武侠,连载中,                        我梦见一群人在江湖里浮沉，梦见他们在血泪中嘶喊，梦见顾白流抱着程二月离开，留下满地的残刀断剑……                    
幻剑外传,幻夕.煞,传统武侠,连载中,                        围绕幻剑山庄的一套武侠合集，包括逍遥王、阎王岛、黄泉帮、清风寨、忠侠传、青玉令等板块。每个短章即可独立成文，之间又有藕丝联系。每个板块都是纯粹的传统武侠！                    
剑武英魂,潇沧山客,传统武侠,连载中,                        林楚云，一个孤儿，无意间拜入剑派凌云门下，卷入了一场正与邪的江湖斗争中。是手中的长剑荡尽滔天浊浪，仗剑走天涯；还是功成扬名，问鼎天下兴亡江湖事，事过不问恩仇                    
王爷的江湖,神经如吾,传统武侠,连载中,                        古人云：福兮祸所伏祸兮福所倚。想那刘刕本是个一事无成、干啥啥不行的待业青年。因为一件坏事，莫名其妙的穿越来到古代，还幸运的成为皇室中的一员。面对不一样的时代、不一样的人生以及开了G一般的开局，刘刕的未                    
月明照江湖,含芳儿,传统武侠,连载中,                        哥哥，待我长发及腰，你娶我可好？慕容明月，一个取着女生一般名字的俊美男子，慕容世家的大少爷。且看他如何在江湖中谱写他的传奇人生。（含芳儿小说，武侠系列）                    
第二神兵,江城错少,传统武侠,连载中,                        惊风古镇因屡屡丢失男婴，神捕衙门破案久久无果，不得以广发悬赏令，引起武林轩然大波……                    
血月如钩,暮雪翩,传统武侠,连载中,                        当邪魔当道，杀戮四起，江湖各门各派将何去何从？我——身附魔教魔罗之血，又是中原武林人，又将如何力挽狂澜，免除一场浩劫……                    
余生江湖,云欺,传统武侠,连载中,                        江湖似乎对于所有的少年少女们来说就是一场愿意沉溺不醒的梦。富家子弟披白袍，悬佩剑，带上几位身强力壮的奴仆出去游玩就称为了闯荡江湖。没有条件的各位只能凑在茶馆说书先生的摊前孜孜不倦的听着重复的江湖故事。                    
逆捣黄天,衷国仁,传统武侠,连载中,                        这是一个伪君子的江湖，每个人都在为自己的理由说谎。                    
江湖险,夜小丑,传统武侠,连载中,                        一位女子（牧琴）身怀六甲，她却逃避家族的追问，走进了“鱼村”，诞生了（牧小丑）开始了新的生活，。再回到江湖中，发觉六大家族各怀鬼胎。                    
梁英传,逆袭的畅想者,传统武侠,连载中,                        梁国中期，梁仁帝梁宏晚年昏庸，朝中昏官当道，悬称卖官，国内是盗匪横行，乱世出英雄，看众位英雄在这乱世中的传奇经历。                    
千里夜行,涂少离,传统武侠,连载中,                        暗杀与明杀，不仅是兵器交接，还有背后不为人知的故事。你问：“江湖到底是什么？”我只能回答：“江湖，就是你和我！”                    
画上江湖,慕容忘心,传统武侠,连载中,                        路人甲：交出功法饶你不死，不然哼哼...路人乙：你当我傻吗，我要信你才有鬼。此时叶舟正巧路过，二位争夺什么呢，大家都是江湖儿女，给我叶江湖一个面子可好？                    
归是两处空,客居先生,传统武侠,连载中,                        庄周梦蝶，孰真熟幻？请随主角一起畅游这怪诞的世界，寻找自己的答案。是梦？非梦？梦里的世界，似是金庸先生笔下笑傲江湖之前，有易筋经、葵花宝典、独孤九剑、辟邪剑法，可是却又不似那个江湖，这个江湖有自己的故                    
云踪侠隐,不见高山,传统武侠,连载中,                        他离开的时候，只给自己留下了报仇这一个选项。止戈剑现世的时候，曾有这样一个传说：出鞘见血，剑下夺魂。他是天下第一的剑客，也是百姓口中的妖魔，是江湖中人谈之色变的夺魂剑者，亦是天下大义的践行者。风为屏，                    
天下旧曾谙,柒十二,传统武侠,连载中,                        江湖势力，利益各取。中原武林和南隅天合台在「福山」爆发大战，双方损失惨重，各自退守，往后相安无事数十年。这种风平浪静——在天合台「天尊」与中原「武林盟主」相继莫名失踪——终被再次打破。                    
五毒教主,作家南华真人,传统武侠,连载中,                        本小说是作家南华真人所创武侠系列“庐山系列”第五部作品，精致华丽，欢迎赏析。                    
逍遥璧,步可生尘,传统武侠,连载中,                        君可君，民可民。君可民，民可君。逍遥峰下，飞玉泊中，逍遥璧横空出世！                    
追凶1,一树提,传统武侠,连载中,                        一场从夜里开始的，关于仇恨的报复。隐于黑暗中的人独自奔走，不到最后一刻，谁都不知道那边才是正义。                    
命笔春秋,三更十甫,传统武侠,连载中,                        在这个江湖里，并非每个人都是大侠。偌大的江湖里，注定要有流氓恶霸之流来让大侠们大展风采，最终在众生的欢呼中落得“行侠仗义”的好名声。而流氓恶霸们在败北之后依然继续以往的生活，因为他们并不是坏人，只是在                    
风雷决天地变,木阿小淘,传统武侠,连载中,                        平凡的村庄，一场血案，引发兄弟寻仇之旅，解开身世之谜，走向巅峰强者。                    
六瓣梅之京城风云,人之后,传统武侠,连载中,                        一个刺客组织介入夺嫡之战，这之后有何阴谋?                    
修侠悟义传,润溪清流,传统武侠,连载中,                        秦岭巍峨，侠士肝但，行侠仗义，救人危难，清名照人，令人仰慕。江湖深广，处处英豪，性情多样，善缘相投，协手相助，修得好事。人生无常，起落不定，风雨中看风景，苦难里悟人生，成也好，败也罢，走起来处处风光。                    
剑侠传之汉武风云,冬彻,传统武侠,连载中,                        西汉初年，汉武帝历经文景之治，举国之力，反攻匈奴。陈良出生于商贾之家，却被著名侠士雷被相中。必是这传奇的一生，也是那侠义的终结。                    
龙旗命脉,支越,传统武侠,连载中,                        大唐天宝十四年底，释云观观主张丰平携弟子林山生去左韵山主持比武大会。路遇因发送急报，疲于奔命坠马而死的驿卒。两人得知安禄山起兵造反。张丰平赶往战场，而林山生接替驿卒，携公文赶往东都……                    
殇战劫,草民西瓜,传统武侠,连载中,                        小小少年尝尽人间疾苦，名门之囚人下之人！我亦为生何为恶善！杀上苍穹破尽天数！人生本就是炼狱，我若不死……                    
侠情，侠义,唐逸辰,传统武侠,连载中,                        侠之大者，为国为民，武侠为什么让人着迷，就是因为侠客怀着一颗胸怀天下的心，没有侠义的心肠，也就够不上个剑客！                    
金陵群侠传,兔侠,传统武侠,连载中,                        金陵群侠传讲述了南宋前中期的一段历史。全文通过平凡少年杨子凡离奇的经历及情感纠葛讲述了那一段不为人知的历史故事。以及一场历史的阴谋之下，每个人的命运转折。友情，爱情都是这场阴谋的牺牲品……                    
剑风实录,留留风,传统武侠,连载中,                        洹洹九江水如如不动峰凤鸣卧牛地剑起沧澜城                    
方寸江湖之残唐晚照,高启舜,传统武侠,连载中,                        善恶守方寸，清浊见江湖。晚唐时期，朝廷腐败、群雄并起，江湖再掀波澜，是人为还是潮流？                    
无情落花刀,雨知行,传统武侠,连载中,                        天在上，地在下，他在中间。他要去杀一个人，一个他不认识的人。                    
山水柳花记,独悲悲,传统武侠,连载中,                        本想讲述了锦衣卫指挥使徐正，武术世家伍文定，皇族遗落张水牛，叛逆之子武小尤四人在机缘巧合之下汇聚在王守仁麾下，共对宁王朱宸濠反叛之事，平定朱宸濠之乱后，其后北当草原部落南侵，西川真金教大起狂风，在危险                    
与妃傲天下,蓝焰Blue,传统武侠,连载中,                        自从某女和某王相遇后，某女的生活彻底颠覆了。某女摆脱了“无才无艺的丑女”这个身份，某女一纸休书把翼王给休了，便换上了武艺双全，绝世容颜这个身份。而某王还有在某女身边死皮赖脸有谁知道，不近女色，冷傲，霸                    
风起天清,南南而非,传统武侠,连载中,                        有故事的地方都是江湖，你来我往，有佳人，有酒。有为侠者的思考。                    
水调歌头—缘起,北雪西林,传统武侠,连载中,                        “炀帝凿汴河，自制《水调歌》。”，自隋亡以来，文人骚客只当这《水调歌》是曲名，哪想到背后却又有着怎样的江湖....                    
广陵拾章录,老狸猫妖,传统武侠,连载中,                        街头不起眼的流氓地痞，受道观恩师收留，以一身精妙武学行走江湖。                    
子车小叙与史青,僧目,传统武侠,连载中,                        江湖传言，史青此人确实存在。当年四象岛纷争后便隐匿起来，少有朋友。名声在外惹得好多派别势力寻求，多门牌连发七道侠义召集令（为武林最高级别召集令）找寻史青此人，只为获得四象岛阵位图。                    
末代烽火,十镓蚕,传统武侠,连载中,                        二十年前，中原四皇血战南蛮八荒二十年后，八荒后人携秘术重现江湖罗辛佐，东蒲城城东山区的一个乞丐头头秦凤瑶，大汉王朝首富秦傲之女相识，相知，相别离一句承诺，走向不一样的人生一份执着，誓要与秦家平起平坐英                    
清风抚南山,莼塘居士,传统武侠,连载中,                        梦回乱世争锋起，战骨残剑埋地。美人泪断何处，英雄冢无名。红颜情，侠骨香，江湖行，天下谁知？何图霸业？何留情义？                    
九州藏气图,青衣有酒,传统武侠,连载中,                        大唐元和年间，藩镇割据，天下动荡，武林间也是一片肃然，因为蛰伏多年的魔族竟已有复出迹象，加之数百年前遗留的妖族余孽暗中作乱，神川大地，已是危在旦夕。另一边，皇帝身边的大太监陈近居心叵测，祸乱朝野，一代                    
江湖熊孩子,牧马的人,传统武侠,连载中,                        江湖上突然冒出几个“熊孩子”，他们天真烂漫，生性善良，又都身怀绝世神功。他们学着大人做好事，却总是处处爱出风头，涉世不深的他们凭着天生的聪明，机智的识破“坏人”的利用，与江湖上各种坏人周旋，幼稚的心让                    
时间，断弦，一壶酒,静V诠释悲伤,传统武侠,连载中,                        闹市的人来人往，熙熙攘攘;我在此中犹如一个过客。断弦在风中摇曳，藕断丝连;禁不住似乎要随风飘逝。这酒壶伴我入梦，酒醒时分;灯火通明中带夜色暮暮。路在脚下，我往何方，酒壶空了，梦哼一曲离殇......行                    
剑出雪,混点奶粉钱,传统武侠,连载中,                        剑是同样的剑，人是同样的人人握剑的感觉不一样杀人的感觉不一样人有了杀意哪怕是最钝的破剑也会变成神兵利器                    
狂帝尊,爱梦似回,传统武侠,连载中,                        大明帝国，一夜覆灭，九皇子，陈战，如何为国，为自己，为家人，报仇！！                    
无忧释神,林吉特,传统武侠,连载中,                        千般烦忧，才下心头。即展眉头，灵台清幽。——无忧心无罣碍，意无所执。解心释神，莫然无魂。——释神                    
准提天罡,海潮音,传统武侠,连载中,                        鉴昆仑的续集探秘雷神谷；大战土谷浑；出隋入唐。帝王之学天人的序曲。武者的精魂荣辱的变迁。热血与智谋的闪光。侠义与权力在历史昨天的博弈。                    
北国行记,老画符,传统武侠,连载中,                        一个关于大唐与突厥的故事，不离奇，没玄幻，自然而然。                    
银刃破风,尽明灭,传统武侠,连载中,                        明朝末年，奸臣当行，天怨人愤。阉党跋扈，且武艺高强。为了铲除他们，武林中二十八位豪杰挺身而出，誓要以传说中的神兵破风刀，将其斩杀。                    
弦音，侠女，情,妖中大将,传统武侠,连载中,                        一场夜间的杀戮，死里逃生的少女，意外被白衣男子所救，再无亲人的她踏入江湖后人生境遇又将发生些什么？且看《弦音·侠女·情》为您细细道来……                    
任我逍遥任我游,古派老四,传统武侠,连载中,                        本书主人公任逍遥，生于唐朝末期，本是镖局少爷的他，应该过着衣食无忧的生活，奈何时局动荡、身不由己。杀蛇王、斗梁王、攻天山、战昆仑，多次与死神擦肩而过，成就了他传奇的一生。习得一身武艺，开创逍遥派，他是                    
江湖一生南柯一梦,海蓝格子衫,传统武侠,连载中,                        一个善良却孤独的人，游荡在冷酷而善恶难辨的世界。                    
超音侠,飞剪大师,传统武侠,连载中,                        本书主要讲述清朝中期百姓受生活所迫，愤而起义的故事。借清朝名将柴大纪被福康安陷害，而被乾隆处死之后发生的一系列故事。此书的主角是作者虚构的柴大纪之子，为了替父报仇，并想要探寻解救劳苦大众的方法，到处奔                    
河西驿志,初二吃面,传统武侠,连载中,                        河西驿站活动，经营，大小事件记录手册。哈哈                    
洪武双侠,就地晕倒,传统武侠,连载中,                        一本明王血书，引出两世恩仇。一世兄弟深情，难逃断袍异路。一份忠贞爱意，可否永守白头。一朝风云变幻，道义情义孰重。                    
绝影断魂,高调上的低调,传统武侠,连载中,                        江湖有云：断魂刀出，绝影断魂本作讲述五代十国后期，赵匡胤身披黄袍，宋朝建立，此时朝堂云涌、江湖迭代，失踪近百年的断魂刀重现江湖。相传断魂刀乃是唐末由神匠欧冶子后人欧严采用天外陨石历时七七四十九天打造而                    
漫天飞羽之剑术无双,飞羽流觞,传统武侠,连载中,                        一个人，背负不起一个时代的悲哀。从过往到如今，发生过太多可歌可泣的故事，无双的剑术，至高的权力，缥缈的感情，谱写出诗一般绚美的武侠世界。                    
江湖一声吼,大姜子,传统武侠,连载中,                        何谓江湖？人心角逐之地，权谋倾乱之修罗道场。人心之变幻莫测，纷争之风云迭起。江湖，人心不静，而江湖不宁。纵使红颜真绝色，看人间沧桑百态，再回首已是枯骨身。                    
项氏风云,当一下,传统武侠,连载中,                        每个人都在为了自己的利益前程拼搏，想要获得更多，就必须从其他人那里获得更多。谁来拯救这个没有英雄的世界。                    
欲与春风到天明,罗三归,传统武侠,连载中,                        两个小乞丐经过一场变故，各自走上了不同的人生道路，这场变故带给他们的是什么，是生死别离还是因祸得福。                    
富贵乞丐,鬓已星星,传统武侠,连载中,                        江湖传言七杀乱世，贪狼为七杀之首，他要杀的人没有人再重返江湖。相传他有三种暗器，铜钱、银豆子、金沙粉，可见过他的人都不相信。因为他穿着实在不像话，衣衫褴褛，破旧不堪，所以江湖人称富贵乞丐。                    
江湖血狼传,血郎君,传统武侠,连载中,"                        一代大侠萧千绝命丧血狼谷,他的儿子萧雪郎却离奇般活了下来；一个在狼群中长大的孩子,偶遇一代魔君,得以练成绝艺。且看他如何在江湖中掀起腥风血雨,又如何展开一段恩怨情仇的故事。                    "
重月浮生记,蓝衫换红袍,传统武侠,连载中,                        七重劫，人人各有其劫，劫开时自知。一重劫开始得气二重劫开体血清三重劫开神通起四重劫开逍遥游五重劫开道种生六重劫开知天命七重劫开，福兮祸兮。重月国，十八岁下山的青年，身负师命，投身被敌国势力搅乱的江湖中                    
江湖风云录之一代天骄,驰星舟,传统武侠,连载中,                        天下风云我独行，一入江湖血难磬。江山美人谈笑中，一杯浊酒泪难停！                    
云过处雨落沙洲,释怀怪叟,传统武侠,连载中,                        水盈袖是水国公主，其父水麒麟轻信火国国王火云龙长生妖言，残害忠良，荒废国事，导致亡国。她带着父亲的遗物，逃出皇宫。在绝境中，天水阁主将她救出，带回斜阳山天水阁，欲纳其为夫人。天水阁主修炼释怀刀剑诀走火                    
刺隆,再见清华,传统武侠,连载中,                        某朝时期，当时皇帝隆一心好战，对外四处扩张，使得国库年年空虚，百姓赋税加重，又因朝廷经常抓丁补充兵力而人丁凋敝。是年，天降大旱，中原多地颗粒无收，百姓更是民不聊生。值此乱世，一年轻人奉师命下山，为追寻                    
斩尽潇潇落红,亘古尘,传统武侠,连载中,                        “断肠针断的是心而非肠！”“那为何是‘断肠针’？”“人都说相思入骨，断愁肠。但情却发之于心。这‘断肠针’发射时如梅花盛开，直入心扉，伤者只觉心头刺痛，却无迹可寻，唯留胸口红梅一朵。”“见红梅，可有人生                    
反刺,彼岸不止有花,传统武侠,连载中,                        带你去看不一样的武侠！天下已乱，英雄当现世！                    
青丝玄缕剑,芍药花,传统武侠,连载中,                        一剑在手，天下我有，青丝玄缕，任我天宇！                    
龙城少帅,会飞的小黄鱼,传统武侠,连载中,                        龙城一少帅，江湖日月行。神偷出现时，盗宝有奇招。江湖辈有人才出，洒洒热血酒中喝。                    
飞雪无烟,霁婧,传统武侠,连载中,                        神武末年，周王朝式微，诸侯皆举兵而起，一时天下大乱，唯秦，楚，齐，晋四侯最甚，拥地封王，拜国。天下逐步五分。                    
辄露,文武之略,传统武侠,连载中,                        夫王道，则善已，事故不如新，万千之术不过一邪。                    
红灯英雄,龙向天门,传统武侠,连载中,                        浪淘沙：晚清政昏暗，牝鸡当权，八国联军齐犯边。烧杀抢掠成国难，百姓倒悬。义和红灯现，灭洋除奸，大沽口外血洒滩。一曲悲歌成永远，千古流传。                    
吴家渴归,西兮溪,传统武侠,连载中,                        吴家小少爷在出生三个月后就被拐走，十五年后，小吴踏上了回家的旅途。                    
江湖——纷争,鸿雪纷飞尽,传统武侠,连载中,                        公元960年，宋朝建立，开启了一个崭新的时代。饱受后唐战乱之苦的中原武林，在宋初不禁兵器的环境下，开创了新的格局，大有欣欣向荣之势。而好景不长，建隆四年，宋太祖正式颁布兵器禁令，只允许民间持有“五兵”                    
谁家杨柳暗飞声,霉兰,传统武侠,连载中,                        北宋年间，一件早已销声匿迹的宝图又引起了庙堂的注意，成为了武林当中人人舍命夺取的对象，掀起了江湖上的血雨腥风，书写下一段流传于青史之外的传奇故事。                    
问情录之名动天下,厚黑道人,传统武侠,连载中,                        白衣飘飘，抚剑寻萧。有情终是无情恼，欲尽千言，谁解其中怨？断肠戚戚，抚萧问情。无情终是有情悟，欲尽万言，谁解其中意？                    
武侠修真,神蛊,传统武侠,连载中,                        仙界修士重生地球，咸鱼数年天龙世界走一朝立马翻身。获绝世传承，成就一代巅峰。                    
平凡江湖不凡人,慕容初落,传统武侠,连载中,                        世界总有那么一些人，为国家，为百姓，为一切善行，善心。                    
九剑一玺,萝卜真人,传统武侠,连载中,                        东汉之末，群雄纷争，乱的何止是朝堂？江湖武林，风云涌动，乱的更是这人心。仗剑跃马，是投身诸侯建立功名？还是锄强扶弱，隐秘山林？且看一段传奇，自玺起，至剑终。                    
桃源风云,舒石,传统武侠,连载中,                        闽南永春县古称桃源，是福建省重点革命老区县、苏区县。1926年至1931年，以张涟、李武、李兆蓝、李乐毅为代表的共产党组织领导了轰轰烈烈的农民运动及抗捐抗税斗争，与以陈阁维、赵旗才、蒋定山、卢青原等为                    
天地有魔头,夜雨笙箫下,传统武侠,连载中,                        葱茏岁月，日月光华，岁衍尘土，千载乱世，一卷天魔策，一柄长袖刀，起于微末，盛于绝巅，如三月春草，亦如腊月梅花，凌寒而开。                    
独步帝仙,熙雨二爷,传统武侠,连载中,                        魏梓小时候碰一次怪事，由于他被恐吓，他爷爷不得不违背誓言，重出江湖，由于爷爷能力有限，爷爷只能交给道观师傅。在一次任务中，不慎死亡，但这次死亡使他进入了另一个世界......                    
岚山孤女,重尔张望,传统武侠,连载中,                        她是被父亲遗弃在孤山绝壁的不幸的女婴，她是被村庄里的哑巴捡回家捡回一条命的幸运的女儿。她是被邻家哥哥从小疼爱呵护幸福的妹妹……她一生历经许许多多坎坷复杂的身份。可是，最终，她却没有得到她应得的归宿。人                    
刀生浮屠,徐虎,传统武侠,连载中,                        【致敬金庸先生】我有一刀，一刀十招，可破百般武艺，千招剑法。这是一个纯粹的武侠世界，有一帮江湖儿女，横刀立马，快意恩仇！                    
绝世大侠之红尘宝珠,717204809,传统武侠,连载中,                        一颗红尘宝珠引起一段江湖的血雨腥风是人性的泯灭还是人世的决绝，一家满门不幸勾出一场武林的侠肝义胆是风流的潇洒还是倜傥的温柔，一切故事都在这本绝世大侠之红尘宝珠                    
一剑决情,李不诉,传统武侠,连载中,"                        江湖,是一个人人向往的地方；那里有着人们渴望的儿女情长；那里有着人们敬仰的侠义精神；那里有着人们热血的荡气回肠；可真正的江湖，更多的是血和泪的悲歌，是身不由己的难过。                    "
劫无常,三郎好,传统武侠,连载中,                        暴雪肆虐，罗汉寺惨罹荼毒，一瞬间数十人惨死。小沙弥余再思奇迹生还。回到家里，父母却不知所踪。从那以后，余再思就踏上了寻找父母和与匪徒做斗争的漫漫征途……命运无情，没有来由地让他跟没有来由的江湖机密《盈                    
江湖危险，快点跑,翟小虾,传统武侠,连载中,                        男儿意气风发时，手持青锋天下游。仗剑除魔走乾坤，结友同探绝命崖。携手红颜寻古迹，与敌共决生死城。千军万马掌中控，锦绣江山在心中。命逢绝处友相助，血染九天也无憾。尽起雄兵攻诸国，仅为一人屠天下。名利尽归                    
识途寻归,吉平,传统武侠,连载中,                        从大散关到临安，在南宋乱世寻找自己的归途。                    
星河刀剑谭,小花向阳开,传统武侠,连载中,                        无论人类的历史如何发展，环境如何变迁。有人的地方，就有江湖！                    
结义,田园写者,传统武侠,连载中,                        主人公一路结识重情义之人，一起闯荡江湖，快意恩仇，无比自在                    
盗之将,呆呆的世玉,传统武侠,连载中,                        在古时候（我不知道什么年代），靠着一条河流的土路上，有一队车马在缓缓行走，这时在马车里传来了婴儿的哭声，                    
饮月寒枪,秋风无韵,传统武侠,连载中,                        一根寒枪，横扫千军。天才之陨，明月之悲！天才之子，小巧横枪。因于蓝出，相胜于蓝！明月之下，易水枪指月！！！                    
青虹剑录,落月林海,传统武侠,连载中,                        林家一把青虹剑引来灭门之灾，却开启一段江湖传说。                    
侠走天下,愣暮,传统武侠,连载中,                        这是一个少年的武侠梦，但处于元朝末年的混乱动荡时期，那位少年该闯出如何的天地？                    
开元武道,贵在,传统武侠,连载中,                        一个简单的故事，我的第一本书，我会坚持写完。手机码字，速度慢，多担待。                    
天涯行客录,金珏鹤盈,传统武侠,连载中,                        武侠短篇系列小说—江湖行客录之一篇她是江湖第一剑客的女儿，他是一帮之主，对一些人而言他又是穷凶极恶的刽子手她的家在他的手下荡然无存他成为别人的一颗棋子......之二篇瞬息万变.....                    
顾盗聿,顾盗聿,传统武侠,连载中,                        一阵秋风吹来，从院墙外飘来几片枫叶，红火的风叶在空中翩翩起舞，似几只妖艳的蝴蝶                    
怪侠盗,南下北,传统武侠,连载中,                        一人一马。一刀一剑，一壶老酒，流浪于江湖                    
太吾奇侠传,饽饽君,传统武侠,连载中,                        相枢降世，天地混沌，太吾奇人响当当横空出世。女生男相、天人之姿、根骨清奇的她面对这风起云涌的浩荡江湖，将会有怎样的命运呢？                    
一剑燎添,羽子舞,传统武侠,连载中,                        不知从何时起，有一持枪的少年四处挑战各大门派，一时之间，整个中原武林都陷入了一片恐慌，只因竟无一人是其对手，他下一个挑战的会是谁？\n究竟什么才是江湖？有人的地方就有江湖。                    
雄军之行,惘路,传统武侠,连载中,                        侠之独领风骚，随后郡将超雄。人生浑噩，还需小心。                    
剑出天宝,探险的蜗牛,传统武侠,连载中,                        银鞍照白马，飒沓如流星。\n十步杀一人，千里不留行。\n事了拂衣去，深藏身与名。\n闲过信陵饮，脱剑膝前横。                    
侠客长安劫,汉稻,传统武侠,连载中,                        侠客，皇室，张居正，一幕幕生死搏斗，只为长安城的未来。                    
魏晋七侠传,笑木偶,传统武侠,连载中,                        武侠重点在那个侠字，何为侠，拆开来看，是一个人和一个夹字，以鄙人的理解，就为夹着尾巴做人，于是想到魏晋时期有这么七个人，不喜政治，厌倦官场，自在逍遥，活出了自我，一生无为但又无所不为，实可称做侠。                    
废材剑客无双剑,倦看江湖,传统武侠,连载中,                        江湖莽莽，过个几年太平日子，总会不安分的掀起一阵腥风血雨来。或是为了武林盟主的高位，或是为了热肠侠客的声名，但是这次不一样了，众人异口同声：应清欢一个废材，他凭什么能拿到无双剑？凭什么？                    
冷梅剑圣,吾道古,传统武侠,连载中,                        不与世争，却卷入武林浩劫。是奋起抗争，还是沉沦？我手中剑，是守护的剑，家国天下，一剑在手，谁敢争锋？                    
行北道,陈训,传统武侠,连载中,                        北宋年间，北道漠原。有少年踏瀚海、穿莽原、行古道、入人间。世间武学千万，每一种都为杀伐，徒增仇怨。把这二十六路走遍，谁能看清，这江湖与朝堂，有甚关联？                    
